ID,面积,周长,暴雨,比降,断层,岩性,最大高程,最小高程,相对高差,主沟长度,面积_T,周长_T,暴雨_T,比降_T,断层_T,岩性_T,最大高程_T,最小高程_T,相对高差_T,主沟长度_T,category
T001,65924920,37022,58,0.79,1,4380,1557,2823,12031,235,0.6096646085271372,0.7979669170254644,-3.1371182335782617,-0.30165890651955124,-0.3023715784073817,1.317287090231325,1.679792819221238,0.8510849867112366,0.4784214172060946,-0.7441121879430229,2
T002,30245122,26890,57,0.79,1,4520,1557,2963,10973,270,-0.00494931151602703,0.24586003000987627,-3.368810865304869,-0.30165890651955124,-0.3023715784073817,1.49480195463828,1.679792819221238,1.0538139113030174,0.3277294314473506,-0.5601146848308974,2
T003,45788150,31986,57,0.85,2,4640,1549,3091,11612,266,0.26279215295136327,0.5235482155834488,-3.368810865304869,0.8366765897806392,0.45355736761107274,1.6469575527013842,1.6500066179760702,1.2391660709297883,0.41874283305400223,-0.5811429709008546,2
T004,105370617,50908,72,0.78,3,5120,1620,3500,17338,202,1.2891492418763755,1.554634527872134,0.10657861059423783,-0.49138148923624997,1.209486313629527,2.255579944953801,1.9143591540269342,1.8314241434872045,1.2343026728031212,-0.9175955480201698,1
T005,10352295,14824,62,0.85,1,4220,1561,2659,5731,464,-0.34761964791228406,-0.4116332288462317,-2.210347706671833,0.8366765897806392,-0.3023715784073817,1.1144129594805194,1.6946859198438218,0.6136025321894364,-0.418893809901738,0.4597571895620266,2
T006,12362264,23091,57,0.85,1,4520,1560,2960,10966,270,-0.31299627571003,0.038847193080127046,-3.368810865304869,0.8366765897806392,-0.3023715784073817,1.49480195463828,1.6909626446881758,1.0494697200617649,0.32673241452834195,-0.5601146848308974,2
T007,4305603,10410,62,0.83,1,3546,1560,1986,4193,474,-0.4517788999745755,-0.6521582781244399,-2.210347706671833,0.4572314243472417,-0.3023715784073817,0.2598056836927506,1.6909626446881758,-0.360944369598195,-0.637952670106793,0.5123279047369196,2
T008,77822763,44179,66,0.82,2,5120,1540,3580,16700,214,0.8146147578045553,1.1879618825180192,-1.283577179765405,0.26750884163054295,0.45355736761107274,2.255579944953801,1.6164971415752565,1.9472692432539365,1.1434317021848994,-0.8545106898102982,1
T009,8159210,13863,59,0.88,2,3868,1522,2346,5820,403,-0.38539734409873283,-0.46399946635333594,-2.905425601851655,1.4058443379307355,0.45355736761107274,0.6680898718287469,1.5494781887736289,0.16035857935209819,-0.4062174519314845,0.13907582699517934,2
T010,15576998,18179,59,0.82,2,4060,1524,2536,7482,339,-0.25761983367871466,-0.2288145744900041,-2.905425601851655,0.26750884163054295,0.45355736761107274,0.9115388287297137,1.5569247390849208,0.43549069129808626,-0.16949714916113248,-0.19737675012413583,2
T011,48715036,42261,65,0.8,2,4520,1523,2997,18443,163,0.31321017600125434,1.083447373112581,-1.515269811492012,-0.11193632380285247,0.45355736761107274,1.49480195463828,1.5532014639292748,1.1030480787038783,1.3916889150180665,-1.1226213372022524,1
T012,5712959,14504,62,0.76,1,3544,1527,2017,6468,312,-0.42753603323927986,-0.4290704775478689,-2.210347706671833,-0.8708266546696475,-0.3023715784073817,0.2572697570583655,1.5680945645518587,-0.3160543934385864,-0.31392217142896456,-0.3393176810963469,2
T013,2833503,8519,60,0.88,1,3331,1520,1811,2915,621,-0.4771370354577288,-0.7552015196706774,-2.6737329701250476,1.4058443379307355,-0.3023715784073817,-0.012806429503644492,1.542031638462337,-0.6143555253379208,-0.8199794733200962,1.2851174178078466,2
T014,7729837,14356,60,0.82,2,3934,1520,2414,6118,395,-0.39279364781913767,-0.43713520507237613,-2.6737329701250476,0.26750884163054295,0.45355736761107274,0.7517754507634543,1.542031638462337,0.25882691415382025,-0.3637730173793997,0.09701925485526494,2
T015,3910963,9668,60,0.84,1,3136,1519,1617,3480,465,-0.4585768991506312,-0.6925908985513612,-2.6737329701250476,0.6469540070639405,-0.3023715784073817,-0.26005927635618886,1.538308363306691,-0.8952798922722455,-0.739505964857251,0.4650142610795159,2
T016,8971075,17193,63,0.78,1,3973,1519,2454,6651,369,-0.3714123005119994,-0.28254309705192376,-1.9786550749452263,-0.49138148923624997,-0.3023715784073817,0.8012260201339632,1.538308363306691,0.3167494640371861,-0.2878573005463085,-0.039664604599456844,2
T017,44781855,33977,70,0.7,2,4563,1504,3059,15790,194,0.2454578924079085,0.6320405973489478,-0.3568066528589764,-2.00916215096984,0.45355736761107274,1.549324377277559,1.4824592359720012,1.1928280310230954,1.013819502713768,-0.9596521201600843,1
T018,4338174,10762,67,0.75,2,3680,1495,2185,3981,549,-0.45121783766167434,-0.632977304552639,-1.0518845480387977,-1.0605492373863463,0.45355736761107274,0.4297127681965503,1.4489497595711875,-0.07277968392844958,-0.6681480396539138,0.9066082685486171,2
T019,17914835,21693,69,0.78,3,4119,1518,2601,8037,324,-0.2173486650192971,-0.03733178718515051,-0.5884992845855835,-0.49138148923624997,1.209486313629527,0.9863486644440733,1.534585088151045,0.5296148348585559,-0.09044795058258533,-0.2762328228864753,2
T020,4315017,9014,64,0.82,1,3860,1510,2350,3285,715,-0.4516167360676137,-0.7282282755853323,-1.746962443218619,0.26750884163054295,-0.3023715784073817,0.6579461652912066,1.5047988869058773,0.1661508343404348,-0.7672800076010647,1.7792821404518409,2
T021,20230242,23232,71,0.78,3,4140,1500,2640,10874,243,-0.1774638715917843,0.04653048078928594,-0.1251140211323693,-0.49138148923624997,1.209486313629527,1.0129758941051166,1.4675661353494174,0.5860893209948376,0.31362876359279895,-0.7020556158031086,2
T022,7678181,13379,65,0.83,1,4274,1490,2784,4656,598,-0.3936834649827256,-0.4903733050145622,-1.515269811492012,0.4572314243472417,-0.3023715784073817,1.1828829786089163,1.4303333837929577,0.7946105005749549,-0.5720071224637888,1.1642047729055927,2
T023,27342245,25692,71,0.7,3,4120,1521,2599,11120,234,-0.05495375975794646,0.18057933018312197,-0.1251140211323693,-2.00916215096984,1.209486313629527,0.9876166277612658,1.545754913617983,0.5267187073643875,0.3486667867465334,-0.7493692594605122,1
T024,2013638,6830,70,0.77,1,2930,1480,1450,2773,523,-0.4912598856363141,-0.8472374979740063,-0.3568066528589764,-0.6811040719529488,-0.3023715784073817,-0.5212597196978511,1.393100632236498,-1.137106538035298,-0.8402046736771299,0.7699244090938953,0
T025,5230819,9579,71,0.8,1,3342,1483,1859,2876,646,-0.435841292013716,-0.6974406333465041,-0.1251140211323693,-0.11193632380285247,-0.3023715784073817,0.001141166985473397,1.404270457703436,-0.5448484654778817,-0.825534281868859,1.416544205745079,0
T026,21931830,22936,68,0.81,1,4640,1465,3175,9036,351,-0.14815261621476655,0.03040102574027152,-0.8201919163121907,0.07778625891384627,-0.3023715784073817,1.6469575527013842,1.3372515049018083,1.3608034256848567,0.051840606858799564,-0.13429189191426424,2
T027,22327918,21861,70,0.76,1,4375,1440,2935,8171,359,-0.14132967404558563,-0.028177231616790976,-0.3568066528589764,-0.8708266546696475,-0.3023715784073817,1.3109472736453625,1.244169626010659,1.0132681263846612,-0.07136219813299015,-0.09223531977434984,2
T028,13287825,17302,72,0.84,1,4033,1420,2613,6638,394,-0.297052724839897,-0.2766035342129286,0.10657861059423783,0.6469540070639405,-0.3023715784073817,0.8773038191655153,1.1697041228977396,0.5469915998235656,-0.2897089033958961,0.09176218333777564,2
T029,1778125,5729,76,0.85,1,2649,1440,1209,2210,547,-0.4953167911196671,-0.9072325317880767,1.0333491375006663,0.8366765897806392,-0.3023715784073817,-0.8775574118289535,1.244169626010659,-1.4860899010825777,-0.9203933201631156,0.8960941255136384,0
T030,5840758,11375,77,0.83,1,3380,1440,1940,4401,441,-0.42533459016026925,-0.5995740750085653,1.2650417692272733,0.4572314243472417,-0.3023715784073817,0.04932377303878974,1.244169626010659,-0.42755530196406577,-0.6083270245133916,0.3388445446597727,0
T031,1582703,5812,76,0.9,1,2740,1485,1255,2182,575,-0.49868309609377803,-0.9027097454060896,1.0333491375006663,1.785289503364133,-0.3023715784073817,-0.7621727499644328,1.4117170080147279,-1.4194789687167069,-0.9243813878391504,1.043292128003339,0
T032,1077249,4860,76,0.9,1,2590,1443,1147,1925,596,-0.5073899577285187,-0.9545855602934603,1.0333491375006663,1.785289503364133,-0.3023715784073817,-0.9523672475433131,1.2553394514775968,-1.5758698534017948,-0.9609861518656128,1.1536906298706142,0
T033,15440912,18951,77,0.79,1,4003,1424,2579,7700,335,-0.2599640271610599,-0.18674721199730435,1.2650417692272733,-0.30165890651955124,-0.3023715784073817,0.8392649196497393,1.1845972235203235,0.4977574324227046,-0.13844719368343286,-0.21840503619409302,2
T034,12494942,17930,77,0.77,1,3920,1420,2500,7353,340,-0.31071078783581374,-0.24238293363596555,1.2650417692272733,-0.6811040719529488,-0.3023715784073817,0.7340239643227587,1.1697041228977396,0.3833603964030569,-0.1878707466685786,-0.19211967860664653,2
T035,10229058,14473,72,0.85,1,3956,1441,2515,4947,508,-0.34974250678229113,-0.43075971101584004,0.10657861059423783,0.8366765897806392,-0.3023715784073817,0.77967064374169,1.247892901166305,0.40508135260931916,-0.5305597048307128,0.6910683363315557,2
T036,4694199,10777,76,0.83,1,3520,1441,2079,4040,515,-0.4450850136786639,-0.6321599335197498,1.0333491375006663,0.4572314243472417,-0.3023715784073817,0.22683863744574467,1.247892901166305,-0.22627444111936923,-0.6597446113365547,0.7278678369539808,0
T037,121436993,52765,80,0.68,3,4202,1420,2782,23288,119,1.5659058068728313,1.6558250617438224,1.9601196644070948,-2.3886073164032355,1.209486313629527,1.0915896197710537,1.1697041228977396,0.7917143730807865,2.081767053960519,-1.3539324839717817,1
T038,5250650,10196,76,0.78,1,3401,1391,2010,3273,614,-0.4354996866983391,-0.6638194381936598,1.0333491375006663,-0.49138148923624997,-0.3023715784073817,0.07595100269983297,1.0617291433840064,-0.3261908396681754,-0.7689891794622226,1.2483179171854215,0
T039,28787164,24586,78,0.76,2,4039,1394,2645,9920,267,-0.03006383939643408,0.12031183935808838,1.4967344009538806,-0.8708266546696475,0.45355736761107274,0.8849115990686705,1.0728989688509443,0.5933296397302583,0.17774960063075576,-0.5758858993833654,1
T040,10677001,18791,71,0.78,1,4147,1347,2800,7995,350,-0.34202631951054996,-0.19546583634812295,-0.1251140211323693,-0.49138148923624997,-0.3023715784073817,1.0218516373254642,0.8979050365355834,0.8177795205283012,-0.09643005209663753,-0.13954896343175355,2
T041,6512209,12497,70,0.82,0,3699,1389,2310,5286,437,-0.41376829342207294,-0.5384347217484498,-0.3568066528589764,0.26750884163054295,-1.058300524425836,0.4538040712232085,1.0542825930727144,0.10822828445706888,-0.48227559975300555,0.3178162585898155,2
T042,47016210,30787,71,0.76,1,3995,1383,2612,11656,224,0.2839464983500734,0.4582130243545019,-0.1251140211323693,-0.8708266546696475,-0.3023715784073817,0.8291212131121989,1.0319429421388384,0.5455435360764814,0.42500979654491405,-0.8019399746354052,1
T043,2655772,7894,70,0.85,0,2942,1359,1583,2563,618,-0.4801985983797832,-0.7892586460410626,-0.3568066528589764,0.8366765897806392,-1.058300524425836,-0.5060441598915407,0.9425843384033351,-0.9445140596731064,-0.870115181247391,1.2693462032553786,0
T044,3699136,9157,68,0.85,1,3212,1359,1853,3391,546,-0.46222579376715855,-0.7204360050717882,-0.8201919163121907,0.8366765897806392,-0.3023715784073817,-0.16369406424955618,0.9425843384033351,-0.5535368479603866,-0.7521823228275044,0.8908370539961491,0
T045,13740241,16570,70,0.8,1,3941,1314,2627,7102,370,-0.2892594864574866,-0.3164912406179237,-0.3568066528589764,-0.11193632380285247,-0.3023715784073817,0.760651193983802,0.7750369563992663,0.5672644922827437,-0.22362092476446208,-0.03440753308196755,2
T046,42989315,30415,70,0.68,3,4102,1301,2801,11246,249,0.21457991388812614,0.43794222273884864,-0.3568066528589764,-2.3886073164032355,1.209486313629527,0.9647932880518002,0.7266343793758686,0.8192275842753853,0.3666130912886901,-0.6705131866981727,1
T047,11806522,16807,72,0.88,0,3806,1301,2505,6847,366,-0.32256938958115194,-0.3035767782982736,0.10657861059423783,1.4058443379307355,-1.058300524425836,0.5894761461628097,0.7266343793758686,0.39060071513847766,-0.25994082681406483,-0.05543581915192475,2
T048,16884259,18501,71,0.76,1,3980,1298,2682,7494,358,-0.23510118579484643,-0.21126834298398167,-0.1251140211323693,-0.8708266546696475,-0.3023715784073817,0.8101017633543109,0.7154645539089307,0.6469079983723718,-0.16778797729997472,-0.09749239129183915,2
T049,829261,4008,73,0.9,0,2244,1296,948,1507,629,-0.5116617553660407,-1.0010122349615693,0.33827124232084493,1.785289503364133,-1.058300524425836,-1.3910825552919304,0.7080180035976388,-1.8640345390715403,-1.0205223050292753,1.327173989947761,0
T050,4181540,9739,72,0.85,0,3248,1299,1949,4028,484,-0.45391598737519123,-0.6887220089956855,0.10657861059423783,0.8366765897806392,-1.058300524425836,-0.11804738483062492,0.7191878290645767,-0.4145227282403084,-0.6614537831977124,0.5648986199118126,0
T051,1296096,5215,73,0.86,0,2486,1296,1190,1880,633,-0.5036201378276414,-0.9352411125150816,0.33827124232084493,1.026399172497338,-1.058300524425836,-1.0842354325313368,0.7080180035976388,-1.5136031122771765,-0.9673955463449544,1.3482022760177181,0
T052,656539,3850,74,0.9,0,2153,1299,854,1315,649,-0.5146370341357719,-1.0096218765080027,0.5699638740474521,1.785289503364133,-1.058300524425836,-1.506467217156451,0.7191878290645767,-2.00015253129745,-1.0478690548077998,1.432315420297547,0
T053,421878,2847,73,0.9,0,2074,1306,768,1132,678,-0.5186792632170927,-1.0642767529071968,0.33827124232084493,1.785289503364133,-1.058300524425836,-1.6066363192146613,0.7452507551540984,-2.124686013546687,-1.0739339256904559,1.5847704943047367,0
T054,26869782,22624,70,0.8,2,3860,1271,2589,8200,316,-0.06309232423371378,0.013399708256175242,-0.3568066528589764,-0.11193632380285247,0.45355736761107274,0.6579461652912066,0.6149361247064894,0.512238069893546,-0.06723169946852553,-0.3182893950263897,2
T055,6305448,11240,71,0.76,1,3300,1270,2030,2990,679,-0.4173299220143101,-0.6069304143045684,-0.1251140211323693,-0.8708266546696475,-0.3023715784073817,-0.05211329233661308,0.6112128495508434,-0.2972295647264925,-0.8092971491878601,1.590027565822226,0
T056,16704083,20813,70,0.76,2,3700,1270,2430,7332,331,-0.23820486585653558,-0.08528422111465284,-0.3568066528589764,-0.8708266546696475,0.45355736761107274,0.455072034540401,0.6112128495508434,0.2819959341071666,-0.1908617974256047,-0.23943332226405023,2
T057,5055517,12567,71,0.77,1,3480,1270,2210,4416,500,-0.43886101340931943,-0.5346203235949667,-0.1251140211323693,-0.6811040719529488,-0.3023715784073817,0.17612010475804327,0.6112128495508434,-0.03657809025134588,-0.6061905596869444,0.6490117641916414,2
T058,9600372,14309,70,0.82,2,3241,1268,1973,5998,329,-0.3605721411579189,-0.4396963009754291,-0.3568066528589764,0.26750884163054295,0.45355736761107274,-0.12692312805097267,0.6037662992395515,-0.3797691983102889,-0.3808647359909775,-0.24994746529902884,2
T059,42681660,28713,75,0.78,1,4002,1254,2748,11867,232,0.20928030301110045,0.34519785620701576,0.8016565057740592,-0.49138148923624997,-0.3023715784073817,0.8379969563325467,0.5516404470605079,0.7424802056799256,0.45506273510360495,-0.7598834024954909,1
T060,36212862,39380,76,0.83,1,4061,1239,2822,15270,185,0.09784992729127769,0.9264576433956536,1.0333491375006663,0.4572314243472417,-0.3023715784073817,0.9128067920469063,0.4957913197258182,0.8496369229641525,0.9397553887302644,-1.006965763817488,1
T061,981501,4554,72,0.85,1,2307,1235,1072,1529,701,-0.5090392959230986,-0.9712599293644009,0.10657861059423783,0.8366765897806392,-0.3023715784073817,-1.3112008663088006,0.4808982191032343,-1.6844746344331059,-1.0173888232838193,1.7056831392069907,0
T062,1353591,5897,71,0.85,1,2731,1244,1487,2012,739,-0.5026297390778255,-0.8980779762197172,-0.1251140211323693,0.8366765897806392,-0.3023715784073817,-0.7735844198191657,0.5144076955040481,-1.0835281793931846,-0.9485946558722189,1.905451856871584,0
T063,2378216,6632,72,0.8,1,2621,1239,1382,2448,565,-0.48497972918078996,-0.8580267956081442,0.10657861059423783,-0.11193632380285247,-0.3023715784073817,-0.9130603847103446,0.4957913197258182,-1.2355748728370202,-0.8864947449168197,0.9907214128284458,0
T064,25550868,24570,74,0.78,1,4043,1236,2807,10540,266,-0.08581170464443835,0.11943997692300652,0.5699638740474521,-0.49138148923624997,-0.3023715784073817,0.8899834523374406,0.4846214942588803,0.8279159667578903,0.26605681345724086,-0.5811429709008546,1
T065,2368677,8627,71,0.88,1,3411,1250,2161,3026,714,-0.4851440463157494,-0.7493164482338748,-0.1251140211323693,1.4058443379307355,-0.3023715784073817,0.08863063587175833,0.5367473464379239,-0.10753321385846912,-0.8041696336043868,1.7740250689343515,0
T066,1099848,5415,72,0.8,1,2510,1242,1268,1612,787,-0.507000671332361,-0.9243428320765583,0.10657861059423783,-0.11193632380285247,-0.3023715784073817,-1.053804312918716,0.5069611451927561,-1.4006541400046129,-1.0055670512441448,2.1577912897110703,0
T067,2306514,7559,71,0.88,1,3178,1244,1934,2660,727,-0.4862148552119109,-0.807513265775589,-0.1251140211323693,1.4058443379307355,-0.3023715784073817,-0.2068048170341024,0.5144076955040481,-0.43624368444657063,-0.8562993753696989,1.8423669986617124,0
T068,44724304,35972,68,0.72,3,4160,1285,2875,13884,207,0.2444665290119497,0.7407509447232173,-0.8201919163121907,-1.6297169855364424,1.209486313629527,1.0383351604489672,0.667061976885533,0.9263843015596123,0.7423460387665413,-0.8913101904327233,1
T069,1031314,5819,72,0.82,0,2620,1239,1381,2429,569,-0.5081812259531086,-0.9023283055907413,0.10657861059423783,0.26750884163054295,-1.058300524425836,-0.914328348027537,0.4957913197258182,-1.2370229365841043,-0.8892009336969862,1.011749698898403,0
T070,38819553,34543,76,0.72,1,4053,1238,2815,12379,227,0.14275232763141515,0.6628827309899686,1.0333491375006663,-1.6297169855364424,-0.3023715784073817,0.902663085509366,0.4920680445701722,0.8395004767345634,0.5279874011796701,-0.7861687600829373,1
T071,4250431,9542,73,0.78,1,3100,1233,1867,3528,529,-0.4527292831352823,-0.6994568152276309,0.33827124232084493,-0.49138148923624997,-0.3023715784073817,-0.30570595577512016,0.4734516687919424,-0.5332639555012085,-0.7326692774126198,0.801466838198831,0
T072,6335150,13360,72,0.88,1,3715,1233,2482,5277,470,-0.4168182805904118,-0.49140864165622195,0.10657861059423783,1.4058443379307355,-0.3023715784073817,0.47409148429828907,0.4734516687919424,0.35729524895554227,-0.4835574786488739,0.49129961866696237,2
T073,995944,5247,72,0.85,1,2457,1231,1226,2057,596,-0.5087905033473339,-0.9334973876449179,0.10657861059423783,0.8366765897806392,-0.3023715784073817,-1.1210063687299203,0.4660051184806504,-1.4614728173821472,-0.9421852613928772,1.1536906298706142,0
T074,17683731,19964,71,0.85,1,3957,1234,2723,6507,418,-0.22132962184471563,-0.13154742157618404,-0.1251140211323693,0.8366765897806392,-0.3023715784073817,0.7809386070588826,0.47717494394758836,0.7062786120028218,-0.30836736288020183,0.2179318997575188,2
T075,2867172,7996,73,0.84,1,2763,1234,1529,2595,589,-0.47655705919009594,-0.7837005230174157,0.33827124232084493,0.6469540070639405,-0.3023715784073817,-0.7330095936690045,0.47717494394758836,-1.0227095020156505,-0.865557389617637,1.1168911292481891,0
T076,193787283,67227,78,0.7,1,4120,1226,2894,25258,115,2.8121991674226794,2.443879720253439,1.4967344009538806,-2.00916215096984,-0.3023715784073817,0.9876166277612658,0.44738874270242057,0.9538975127542111,2.362356101167254,-1.374960770041739,1
T077,33618784,26387,70,0.76,2,4246,1231,3015,10248,294,0.05316479626901877,0.2184508547069903,-0.3568066528589764,-0.8708266546696475,0.45355736761107274,1.1473800057275252,0.4660051184806504,1.129113226151393,0.22446696483573497,-0.4339449684111543,1
T078,1634829,6220,72,0.85,1,2633,1232,1401,1827,767,-0.49778518279291883,-0.8804772533115022,0.10657861059423783,0.8366765897806392,-0.3023715784073817,-0.8978448249040342,0.46972839363629637,-1.2080616616424213,-0.9749443887317346,2.0526498593612845,0
T079,4254350,9170,74,0.8,0,2987,1263,1724,3613,477,-0.45266177513109884,-0.7197276168432841,0.5699638740474521,-0.11193632380285247,-1.058300524425836,-0.4489858106178766,0.5851499234613216,-0.7403370713342416,-0.7205626433960856,0.5280991192893875,0
T080,4080540,9520,74,0.85,0,3245,1219,2026,3554,570,-0.45565579559732183,-0.7006556260758684,0.5699638740474521,0.8366765897806392,-1.058300524425836,-0.12185127478220252,0.42132581661289875,-0.30302181971482905,-0.7289660717134446,1.0170067704158923,0
T081,870740,4372,73,0.9,0,2380,1216,1164,1856,627,-0.5109472454131125,-0.981177364563457,0.33827124232084493,1.785289503364133,-1.058300524425836,-1.2186395441537456,0.4101559911459608,-1.5512527697013643,-0.9708138900672699,1.3166598469127824,0
T082,14946896,17852,75,0.82,0,3784,1210,2574,7250,355,-0.2684738598211003,-0.24663326300698962,0.8016565057740592,0.26750884163054295,-1.058300524425836,0.561580953184574,0.38781634021208494,0.49051711368728385,-0.20254113847684949,-0.11326360584430704,2
T083,38339284,28633,76,0.8,0,4040,1179,2861,10742,266,0.1344792983736483,0.34083854403160646,1.0333491375006663,-0.11193632380285247,-1.058300524425836,0.886179562385863,0.27239481038705976,0.9061114091004342,0.2948278731200634,-0.5811429709008546,1
T084,22993580,23489,72,0.78,1,4128,1181,2947,10404,283,-0.12986309760241818,0.060534771152788325,0.10657861059423783,-0.49138148923624997,-0.3023715784073817,0.9977603342988062,0.2798413606983517,1.0306448913496709,0.24668619903078606,-0.4917727551035366,1
T085,91167149,43151,77,0.73,0,4097,1159,2938,16864,174,1.0444828021816317,1.1319447210640095,1.2650417692272733,-1.4399944028197438,-1.058300524425836,0.9584534714658375,0.1979293072741403,1.0176123176259135,1.166790384287389,-1.0647935505098702,1
T086,21070635,23698,72,0.82,1,4260,1179,3081,9885,312,-0.16298740969850692,0.07192347421104513,0.10657861059423783,0.26750884163054295,-0.3023715784073817,1.1651314921682208,0.27239481038705976,1.2246854334589468,0.17276451603571225,-0.3393176810963469,2
T087,16529498,21231,72,0.8,1,4008,1166,2842,8026,354,-0.24121223633634425,-0.06250681499813923,0.10657861059423783,-0.11193632380285247,-0.3023715784073817,0.8456047362357019,0.2239922333636621,0.8785981979058354,-0.09201469145531328,-0.11852067736179633,2
T088,25155373,30358,72,0.74,2,4252,1156,3096,14328,216,-0.09262443189999824,0.4348362128138695,0.10657861059423783,-1.250271820103045,0.45355736761107274,1.1549877856306805,0.18675948180720237,1.246406389665209,0.805585397629379,-0.8439965467753197,1
T089,13955631,17981,76,0.76,0,3507,1155,2352,7734,304,-0.28554921623011326,-0.23960387212414214,1.0333491375006663,-0.8708266546696475,-1.058300524425836,0.21035511432224172,0.1830362066515564,0.16904696183460308,-0.13360454007681918,-0.3813742532362613,2
T090,48648459,34449,72,0.82,2,4223,1157,3066,12273,250,0.31206333231803857,0.6577605391838627,0.10657861059423783,0.26750884163054295,0.45355736761107274,1.118216849432097,0.19048275696284833,1.2029644772526844,0.5128897164061097,-0.6652561151806835,1
T091,5310818,13517,73,0.82,1,3667,1174,2493,5310,469,-0.4344632433210207,-0.4828534915119812,0.33827124232084493,0.26750884163054295,-0.3023715784073817,0.41322924507304737,0.2537784346088299,0.3732239501734679,-0.47885725603069,0.4860425471494731,2
T092,13952974,20543,72,0.82,1,4141,1150,2991,8510,351,-0.28559498524443205,-0.09999689970665923,0.10657861059423783,0.26750884163054295,-0.3023715784073817,1.0142438574223092,0.1644198308733265,1.0943596962213735,-0.02307809305528297,-0.13429189191426424,2
T093,2999371,9216,73,0.9,0,3197,1144,2053,2980,689,-0.47427982248556677,-0.7172210123424237,0.33827124232084493,1.785289503364133,-1.058300524425836,-0.1827135140074442,0.14208017993945068,-0.2639240985435571,-0.8107214590721582,1.642598280997119,0
T094,7417838,13754,75,0.83,1,3009,1143,1866,4932,378,-0.39816808767553896,-0.46993902919233116,0.8016565057740592,0.4572314243472417,-0.3023715784073817,-0.42109061763964084,0.1383569047838047,-0.5347120192482927,-0.5326961696571599,0.007649039057946847,0
T095,86592015,43323,77,0.68,1,4000,1150,2850,17587,162,0.9656723492058955,1.1413172422411395,1.2650417692272733,-2.3886073164032355,-0.3023715784073817,0.8354610296981616,0.1644198308733265,0.8901827078825086,1.2697679889221452,-1.1278784087197418,1
T096,12111441,20193,72,0.8,1,4080,1143,2937,8278,355,-0.3173169085585396,-0.11906889047407493,0.10657861059423783,-0.11193632380285247,-0.3023715784073817,0.9368980950735645,0.1383569047838047,1.0161642538788294,-0.05612208237099998,-0.11326360584430704,2
T097,6695478,13932,72,0.85,1,3675,1143,2532,5095,497,-0.41061133388680904,-0.46023955960204543,0.10657861059423783,0.8366765897806392,-0.3023715784073817,0.42337295161058763,0.1383569047838047,0.42969843630974963,-0.5094799185431002,0.6332405496391734,2
T098,14897965,18203,75,0.82,1,3265,1117,2148,8354,257,-0.26931673661433864,-0.22750678083738132,0.8016565057740592,0.26750884163054295,-0.3023715784073817,-0.09649200843835182,0.041551750737009376,-0.12635804257056305,-0.045297327250334064,-0.6284566145582584,2
T099,48742658,37248,77,0.78,1,4003,1113,2890,16943,171,0.31368598771127104,0.8102819739209957,1.2650417692272733,-0.49138148923624997,-0.3023715784073817,0.8392649196497393,0.02665865011442548,0.9481052577658745,1.1780424323733445,-1.0805647650623382,1
T100,5887872,12481,73,0.8,1,3456,1115,2341,4390,533,-0.4245230126892053,-0.5393065841835316,0.33827124232084493,-0.11193632380285247,-0.3023715784073817,0.14568898514542242,0.03410520042571743,0.15311826061667747,-0.6098937653861195,0.8224951242687882,0
T101,23914839,22411,72,0.82,1,4000,1119,2881,9194,313,-0.11399365222705353,0.0017930395891479752,0.10657861059423783,0.26750884163054295,-0.3023715784073817,0.8354610296981616,0.04899830104830132,0.9350726840421172,0.07434470303071028,-0.33406060957885764,2
T102,21810406,22696,75,0.72,1,3766,1120,2646,10579,250,-0.15024424466589514,0.017323089214043613,0.8016565057740592,-1.6297169855364424,-0.3023715784073817,0.5387576134751083,0.052721576203947296,0.5947777034773425,0.27161162200600364,-0.6652561151806835,1
T103,2684912,7947,74,0.88,1,2741,1116,1625,3285,495,-0.47969663786896255,-0.7863706017248538,0.5699638740474521,1.4058443379307355,-0.3023715784073817,-0.7609047866472403,0.0378284755813634,-0.8836953822955722,-0.7672800076010647,0.6227264066041949,0
T104,43490477,31757,71,0.82,2,4376,1107,3269,12641,259,0.22321284228633828,0.5110696844813397,-0.1251140211323693,0.26750884163054295,0.45355736761107274,1.3122152369625548,0.004318999180549635,1.4969214179107664,0.5653043201482816,-0.6179424715232797,1
T105,13058814,16138,74,0.85,1,3440,1107,2333,5675,411,-0.3009976280157223,-0.34003152636513395,0.5699638740474521,0.8366765897806392,-0.3023715784073817,0.12540157207034186,0.004318999180549635,0.14153375064000429,-0.4268699452538076,0.1811323991350937,0
T106,50976518,39364,70,0.76,3,4300,1115,3185,15717,203,0.3521660668705652,0.9255857809605718,-0.3568066528589764,-0.8708266546696475,1.209486313629527,1.2158500248559223,0.03410520042571743,1.375284063155698,1.0034220405583916,-0.9123384765026805,1
T107,92027370,46025,77,0.68,1,4022,1079,2943,20489,144,1.059300817712814,1.2885530109655887,1.2650417692272733,-2.3886073164032355,-0.3023715784073817,0.8633562226763973,-0.09993270517753763,1.0248526363613344,1.6831027173454673,-1.2225056960345493,1
T108,1276713,5130,74,0.9,1,2520,1102,1418,1898,747,-0.5039540259738746,-0.9398728817014539,0.5699638740474521,1.785289503364133,-0.3023715784073817,-1.0411246797467906,-0.014297376597680236,-1.1834445779419909,-0.9648317885532177,1.9475084290114983,0
T109,9612303,14090,72,0.8,1,3418,1108,2310,5360,431,-0.36036661985199575,-0.4516299180556121,0.10657861059423783,-0.11193632380285247,-0.3023715784073817,0.09750637909210608,0.008042274336195608,0.10822828445706888,-0.4717357066091993,0.2862738294848797,2
T110,4220587,9144,74,0.76,1,2957,1081,1876,3132,599,-0.4532433706261859,-0.7211443933002921,0.5699638740474521,-0.8708266546696475,-0.3023715784073817,-0.48702471013365267,-0.09248615486624569,-0.5202313817774512,-0.7890719488308264,1.169461844423082,0
T111,1843104,6429,73,0.79,1,2572,1073,1499,2091,717,-0.49419747430317373,-0.8690885502532454,0.33827124232084493,-0.30165890651955124,-0.3023715784073817,-0.9751905872527787,-0.12227235611141349,-1.066151414428175,-0.9373426077862635,1.7897962834868193,0
T112,921381,4305,73,0.9,1,2209,1059,1150,1502,766,-0.5100749124608658,-0.9848282885103623,0.33827124232084493,1.785289503364133,-0.3023715784073817,-1.435461271393669,-0.17439820829045713,-1.5715256621605425,-1.0212344599714245,2.047392787843795,0
T113,10406726,15402,74,0.84,1,3328,1062,2266,5975,379,-0.3466820290871475,-0.38013719837889953,0.5699638740474521,0.6469540070639405,-0.3023715784073817,-0.016610319455222098,-0.1632283828235192,0.04451347958536638,-0.38414064872486325,0.012906110575436147,0
T114,1339067,5588,74,0.9,1,2591,1064,1527,2164,706,-0.5028799269453327,-0.9149158194972357,0.5699638740474521,1.785289503364133,-0.3023715784073817,-0.9510992842261206,-0.15578183251222724,-1.0256056295098188,-0.926945145630887,1.731968496794437,0
T115,23047861,21315,72,0.8,3,3708,1076,2632,9044,291,-0.12892806265087886,-0.057929537213959464,0.10657861059423783,-0.11193632380285247,1.209486313629527,0.46521574107794134,-0.11110253064447556,0.5745048110181644,0.05298005476623808,-0.4497161829636222,1
T116,69987945,40733,71,0.74,4,4105,1035,3070,16299,188,0.6796535620095357,1.0001845105622633,-0.1251140211323693,-1.250271820103045,1.9654152596479815,0.9685971780033779,-0.2637568120259605,1.208756732241021,1.0863168758245436,-0.99119454926502,1
T117,96378137,49402,76,0.78,0,4137,1033,3104,19069,163,1.1342463642392948,1.472570476170054,1.0333491375006663,-0.49138148923624997,-1.058300524425836,1.009172004153539,-0.27120336233725245,1.257990899641882,1.4808507137751303,-1.1226213372022524,1
T118,32022356,27424,71,0.79,4,4162,1017,3145,11558,272,0.025665008541894626,0.2749584387807334,-0.1251140211323693,-0.30165890651955124,1.9654152596479815,1.0408710870833524,-0.330775764827588,1.3173615132723322,0.41105155967879226,-0.5496005417959189,1
T119,44688712,31725,71,0.76,4,4103,988,3115,13494,231,0.24385342748480046,0.509325959611176,-0.1251140211323693,-0.8708266546696475,1.9654152596479815,0.9660612513689928,-0.4387507443413213,1.2739196008598077,0.6867979532789135,-0.7651404740129801,1
T120,17775729,22222,75,0.8,0,3700,1032,2668,9763,273,-0.2197448804900664,-0.008505835425256502,0.8016565057740592,-0.11193632380285247,-1.058300524425836,0.455072034540401,-0.2749266374928984,0.6266351059131937,0.15538793544727486,-0.5443434702784296,1
T121,1757616,5453,74,0.8,0,2359,1004,1355,1783,760,-0.49567007554370346,-0.9222721587932389,0.5699638740474521,-0.11193632380285247,-1.058300524425836,-1.2452667738147887,-0.3791783418509857,-1.2746725940082921,-0.9812113522226464,2.0158503587388594,0
T122,3548744,9292,74,0.9,0,2797,997,1800,3575,503,-0.464816419887383,-0.713079665775785,0.5699638740474521,1.785289503364133,-1.058300524425836,-0.6898988408844583,-0.4052412679405075,-0.6302842265558464,-0.7259750209564185,0.6647829787441093,0
T123,45506458,38005,76,0.78,0,4143,987,3156,16973,186,0.257939776142369,0.8515319653808062,1.0333491375006663,-0.49138148923624997,-1.058300524425836,1.0167797840566941,-0.44247401949696724,1.3332902144902579,1.1823153620262388,-1.0017086922999987,1
T124,24377759,27394,71,0.79,5,4140,988,3152,12182,259,-0.10601947378954159,0.2733236967149549,-0.1251140211323693,-0.30165890651955124,2.721344205666436,1.0129758941051166,-0.4387507443413213,1.3274979595019212,0.4999284964589966,-0.6179424715232797,1
T125,26041662,26330,74,0.76,0,3734,967,2767,9755,284,-0.07735737358926632,0.21534484478201116,0.5699638740474521,-0.8708266546696475,-1.058300524425836,0.49818278732494725,-0.5169395226098867,0.7699934168745244,0.15424848753983633,-0.4865156835860473,1
T126,2678351,8001,73,0.83,0,2680,978,1702,2403,708,-0.4798096565001051,-0.7834280660064525,0.33827124232084493,0.4572314243472417,-1.058300524425836,-0.838250548995985,-0.47598349589778105,-0.7721944737700929,-0.8929041393961613,1.7424826398294158,0
T127,59902407,36086,71,0.82,5,4140,970,3170,12768,248,0.5059218596628943,0.7469629645731756,-0.1251140211323693,0.26750884163054295,2.721344205666436,1.0129758941051166,-0.5057696971429488,1.3535631069494358,0.583393055678868,-0.6757702582156621,1
T128,2552216,8208,74,0.72,0,2840,998,1842,3760,490,-0.4819824358080105,-0.772148345752581,0.5699638740474521,-1.6297169855364424,-1.058300524425836,-0.6353764182451793,-0.40151799278486155,-0.5694655491783122,-0.6996252880969028,0.5964410490167483,0
T129,884414,5039,74,0.75,0,2506,964,1542,2052,751,-0.5107116994959896,-0.9448315993009819,0.5699638740474521,-1.0605492373863463,-1.058300524425836,-1.0588761661874861,-0.5281093480768246,-1.0038846733035565,-0.9428974163350263,1.9685367150814554,0
T130,647274,3850,74,0.9,0,2155,975,1180,1620,728,-0.5147966313949605,-1.0096218765080027,0.5699638740474521,1.785289503364133,-1.058300524425836,-1.503931290522066,-0.48715332136471895,-1.528083749748018,-1.0044276033367063,1.8476240701792017,0
T131,2298416,7528,74,0.76,0,2992,963,2029,2699,752,-0.486354349934513,-0.80920249924356,0.5699638740474521,-0.8708266546696475,-1.058300524425836,-0.44264599403191396,-0.5318326232324706,-0.2986776284735766,-0.8507445668209361,1.9737937865989448,0
T132,1925311,7052,74,0.76,0,2782,950,1832,2902,631,-0.4927813909911273,-0.8351404066872454,0.5699638740474521,-0.8708266546696475,-1.058300524425836,-0.7089182906423463,-0.5802352002558683,-0.5839461866491537,-0.8218310761696838,1.3376881329827397,0
T133,85990323,43431,77,0.77,0,4160,952,3208,18188,176,0.9553077087228241,1.1472023136779421,1.2650417692272733,-0.6811040719529488,-1.058300524425836,1.0383351604489672,-0.5727886499445763,1.4085895293386335,1.3553690129684637,-1.0542794074748916,1
T134,1393742,5678,74,0.8,0,2369,950,1419,2008,707,-0.5019381050191446,-0.9100115932999002,0.5699638740474521,-0.11193632380285247,-1.058300524425836,-1.2325871406428635,-0.5802352002558683,-1.1819965141949067,-0.9491643798259382,1.7372255683119264,0
T135,5103266,9988,74,0.8,0,2610,956,1654,2825,585,-0.4380384975400272,-0.675153649849724,0.5699638740474521,-0.11193632380285247,-1.058300524425836,-0.9270079811994625,-0.5578955493219925,-0.841701533630132,-0.8327982622787795,1.0958628431782318,0
T136,83641142,41914,72,0.7,5,4006,957,3049,17075,179,0.9148411303161604,1.0645388565517433,0.10657861059423783,-2.00916215096984,2.721344205666436,0.8430688096013168,-0.5541722741663465,1.178347393552254,1.19684332284608,-1.0385081929224238,1
T137,17358025,21024,73,0.76,3,3460,934,2526,8583,294,-0.22694017607043124,-0.0737865352520108,0.33827124232084493,-0.8708266546696475,1.209486313629527,0.15076083841419255,-0.6398076027462039,0.42101005382724477,-0.012680630899906497,-0.4339449684111543,1
T138,164149532,64304,77,0.69,0,4160,934,3226,26483,122,2.3016644854894124,2.2846013516444215,1.2650417692272733,-2.1988847336865387,-1.058300524425836,1.0383351604489672,-0.6398076027462039,1.434654676786148,2.536834061993777,-1.338161269419314,1
T139,1010571,4314,74,0.9,0,2050,955,1095,1420,771,-0.5085385412199566,-0.9843378658906288,0.5699638740474521,1.785289503364133,-1.058300524425836,-1.6370674388272821,-0.5616188244776384,-1.6511691682501706,-1.0329138010226693,2.0736781454312414,0
T140,3192566,8396,74,0.88,0,2315,921,1394,2801,498,-0.47095187942146255,-0.7619039621403692,0.5699638740474521,1.4058443379307355,-1.058300524425836,-1.3010571597712604,-0.6882101797696015,-1.2181981078720103,-0.836216606001095,0.6384976211566628,0
T141,7070595,12814,74,0.88,1,2903,897,2006,4297,467,-0.404149634472344,-0.5211609472533905,0.5699638740474521,1.4058443379307355,-0.3023715784073817,-0.5554947292620496,-0.7775687835051049,-0.331983094656512,-0.6231398473100923,0.4755284041144945,0
T142,2822746,8846,74,0.82,2,2593,900,1693,3030,559,-0.47732233364629767,-0.7373828311536919,0.5699638740474521,0.26750884163054295,0.45355736761107274,-0.9485633575917355,-0.766398958038167,-0.7852270474938502,-0.8035999096506675,0.9591789837235101,0
T143,173280067,69023,72,0.8,5,3985,900,3085,18572,166,2.4589454742562578,2.541746278591378,0.10657861059423783,-0.11193632380285247,2.721344205666436,0.8164415799402736,-0.766398958038167,1.2304776884472832,1.4100625125255126,-1.1068501226497847,1
T144,3109390,8518,74,0.76,1,2839,880,1959,2858,685,-0.4723846545569471,-0.75525601107287,0.5699638740474521,-0.8708266546696475,-0.3023715784073817,-0.6366443815623718,-0.8408644611510865,-0.40004209076946695,-0.8280980396605957,1.6215699949271618,0
T145,3887000,9076,73,0.82,2,2821,880,1941,2904,668,-0.45898968157069964,-0.7248498086493901,0.33827124232084493,0.26750884163054295,0.45355736761107274,-0.6594677212718375,-0.8408644611510865,-0.4261072382169816,-0.8215462141928241,1.5321997791298436,0
T146,76723792,44585,76,0.8,1,4129,881,3248,19036,171,0.7956840767977919,1.2100853918082213,1.0333491375006663,-0.11193632380285247,-0.3023715784073817,0.9990282976159987,-0.8371411859954405,1.4665120792219994,1.4761504911569465,-1.0805647650623382,1
T147,50126796,34250,71,0.82,5,3698,885,2813,12389,227,0.33752890526536444,0.646916750147532,-0.1251140211323693,0.26750884163054295,2.721344205666436,0.45253610790601595,-0.8222480853728567,0.8366043492403952,0.5294117110639682,-0.7861687600829373,1
T148,100308543,55612,75,0.76,2,4120,860,3260,22029,148,1.2019508461710922,1.810962083786201,0.8016565057740592,-0.8708266546696475,0.45355736761107274,0.9876166277612658,-0.9153299642640059,1.483888844187009,1.902446439527382,-1.201477409964592,1
T149,19078161,20653,72,0.82,3,3700,860,2840,9316,305,-0.19730941611020475,-0.09400284546547144,0.10657861059423783,0.26750884163054295,1.209486313629527,0.455072034540401,-0.9153299642640059,0.8757020704116671,0.09172128361914768,-0.376117181718772,1
T150,34958398,34993,74,0.78,1,3914,864,3050,15073,202,0.07624075123616021,0.6874038619766459,0.5699638740474521,-0.49138148923624997,-0.3023715784073817,0.7264161844196035,-0.9004368636414221,1.179795457299338,0.9116964840095909,-0.9175955480201698,1
T151,4153598,8334,73,0.77,1,2209,899,1310,2799,468,-0.45439731134888206,-0.7652824290763114,0.33827124232084493,-0.6811040719529488,-0.3023715784073817,-1.435461271393669,-0.770122233193813,-1.3398354626270788,-0.8365014679779548,0.4807854756319838,3
T152,575495159,129651,68,0.68,8,3861,797,3064,48452,63,9.387431851747575,5.845451010725317,-0.8201919163121907,-2.3886073164032355,4.989131043721799,0.6592141286083992,-1.1498962990697024,1.2000683497585163,5.665900446808376,-1.6483284889511824,4
T153,110028294,58387,75,0.68,2,4046,861,3185,28864,110,1.3693815660410158,1.9621757248707112,0.8016565057740592,-2.3886073164032355,0.45355736761107274,0.8937873422890182,-0.91160668910836,1.375284063155698,2.875962245445166,-1.4012461276291854,1
T154,58551095,40507,72,0.82,5,3881,860,3021,14843,204,0.4826443970068173,0.9878694536667321,0.10657861059423783,0.26750884163054295,2.721344205666436,0.6845733949522499,-0.9153299642640059,1.1378016086338978,0.8789373566707335,-0.9070814049851913,1
T155,27768802,27643,74,0.78,2,3036,880,2156,12460,173,-0.04760596395787349,0.2868920558609163,0.5699638740474521,-0.49138148923624997,0.45355736761107274,-0.3868556080754424,-0.8408644611510865,-0.11477353259388985,0.5395243112424851,-1.0700506220273596,1
T156,122916594,54587,72,0.8,4,3884,859,3025,14940,202,1.5913931532616699,1.7551083965387693,0.10657861059423783,-0.11193632380285247,1.9654152596479815,0.6883772849038275,-0.9190532394196519,1.1435938636222345,0.8927531625484255,-0.9175955480201698,1
T157,38279961,32404,74,0.81,2,3220,822,2398,13624,176,0.1334574108175943,0.5463256216999625,0.5699638740474521,0.07778625891384627,0.45355736761107274,-0.15355035771201592,-1.056814420178553,0.23565789420047387,0.7053139817747894,-1.0542794074748916,1
T158,106261315,54845,75,0.79,1,3780,817,2963,17952,165,1.304492248845042,1.7691671783044642,0.8016565057740592,-0.30165890651955124,-0.3023715784073817,0.5565090999158039,-1.0754307959567828,1.0538139113030174,1.3217552996990274,-1.112107194167274,1
T159,22237442,23008,72,0.82,2,2936,817,2119,8660,245,-0.14288819769613503,0.034324406698139895,0.10657861059423783,0.26750884163054295,0.45355736761107274,-0.5136519397946959,-1.0754307959567828,-0.16835189123600333,-0.001713444790810764,-0.6915414727681299,3
T160,7669489,13628,73,0.84,1,2500,791,1709,5732,298,-0.3938331918447727,-0.4768049458686008,0.33827124232084493,0.6469540070639405,-0.3023715784073817,-1.0664839460906412,-1.1722359500035782,-0.7620580275405039,-0.4187513789133082,-0.4129166823411971,3
T161,36744547,32480,72,0.8,3,3485,798,2687,12385,217,0.10700863951487687,0.5504669682666012,0.10657861059423783,-0.11193632380285247,1.209486313629527,0.18245992134400593,-1.1461730239140564,0.6541483171077925,0.528841987110249,-0.8387394752578303,1
T162,5138595,9474,72,0.9,1,1840,797,1043,3108,336,-0.4374299264045851,-0.7031622305767288,0.10657861059423783,1.785289503364133,-0.3023715784073817,-1.9033397354377146,-1.1498962990697024,-1.7264684830985462,-0.792490292553142,-0.21314796467660374,3
T163,2229702,6931,73,0.88,2,1856,802,1054,2282,462,-0.4875380052035772,-0.841733866352552,0.33827124232084493,1.4058443379307355,0.45355736761107274,-1.883052322362634,-1.1312799232914725,-1.7105397818806205,-0.9101382889961689,0.449243046527048,3
T164,4169666,10449,73,0.8,1,2436,800,1636,4576,358,-0.45412052680914744,-0.6500331134389279,0.33827124232084493,-0.11193632380285247,-0.3023715784073817,-1.1476335983909636,-1.1387264736027645,-0.8677666810776467,-0.583401601538174,-0.09749239129183915,3
T165,8051892,15091,73,0.82,1,2649,777,1872,5482,341,-0.38724598507677854,-0.39708402446080315,0.33827124232084493,0.26750884163054295,-0.3023715784073817,-0.8775574118289535,-1.224361802182622,-0.5260236367657878,-0.4543591260207619,-0.18686260708915722,3
T166,4581289,12512,73,0.85,1,2572,764,1808,4634,390,-0.4470299814644141,-0.5376173507155605,0.33827124232084493,0.8366765897806392,-0.3023715784073817,-0.9751905872527787,-1.2727643792060195,-0.6186997165791732,-0.5751406042092447,0.07073389726781844,3
T167,68820681,47363,74,0.79,2,3586,860,2726,17851,153,0.6595464778056044,1.3614625070993094,0.5699638740474521,-0.30165890651955124,0.45355736761107274,0.310524216380452,-0.9153299642640059,0.7106228032440743,1.307369769867616,-1.1751920523771455,1
T168,5947046,12887,73,0.83,1,2349,767,1582,4660,339,-0.4235036917809245,-0.5171830748933295,0.33827124232084493,0.4572314243472417,-0.3023715784073817,-1.2579464069867141,-1.2615945537390816,-0.9459621234201906,-0.5714373985100696,-0.19737675012413583,3
T169,8928534,13873,71,0.82,2,2543,808,1735,4302,403,-0.37214510428999603,-0.4634545523314098,-0.1251140211323693,0.26750884163054295,0.45355736761107274,-1.0119615234513624,-1.1089402723575965,-0.724408370116316,-0.6224276923679433,0.13907582699517934,3
T170,29751815,28537,73,0.76,1,3720,839,2881,12269,235,-0.013446931066864544,0.3356073694211153,0.33827124232084493,-0.8708266546696475,-0.3023715784073817,0.48043130088425173,-0.9935187425325714,0.9350726840421172,0.5123199924523905,-0.7441121879430229,1
T171,4882094,10451,71,0.9,1,2450,755,1695,3823,443,-0.44184836748166156,-0.6499241306345427,-0.1251140211323693,1.785289503364133,-0.3023715784073817,-1.129882111950268,-1.3062738556068332,-0.782330919999682,-0.6906521358258245,0.3493586876947513,3
T172,67537729,40956,69,0.78,1,2821,754,2067,14526,142,0.6374465724769022,1.0123360932512169,-0.5884992845855835,-0.49138148923624997,-0.3023715784073817,-0.6594677212718375,-1.3099971307624791,-0.24365120608437899,0.8337867333384823,-1.2330198390695277,1
T173,12448591,20769,73,0.82,2,3143,756,2387,8547,279,-0.3115092220031798,-0.08768184281112795,0.33827124232084493,0.26750884163054295,0.45355736761107274,-0.25118353313584113,-1.3025505804511872,0.21972919298254825,-0.017808146483379826,-0.5128010411734938,3
T174,1381912,5262,71,0.8,1,2028,759,1269,2019,629,-0.5021418865168457,-0.9326800166120286,-0.1251140211323693,-0.11193632380285247,-0.3023715784073817,-1.664962631805518,-1.2913807549842493,-1.399206076257529,-0.9475976389532101,1.327173989947761,0
T175,9329562,15460,72,0.9,2,2557,758,1799,6139,293,-0.3652370665503466,-0.37697669705172776,0.10657861059423783,1.785289503364133,0.45355736761107274,-0.9942100370106668,-1.2951040301398953,-0.6317322903029305,-0.3607819666223736,-0.4392020399286436,3
T176,20475315,19604,70,0.83,3,2645,755,1890,7644,247,-0.1732422872311683,-0.1511643263655259,-0.3568066528589764,0.4572314243472417,1.209486313629527,-0.8826292650977237,-1.3062738556068332,-0.49995848931827314,-0.1464233290355025,-0.6810273297331514,3
T177,41242010,34832,73,0.8,3,3780,754,3026,14749,205,0.18448114551614653,0.6786307462236347,0.33827124232084493,-0.11193632380285247,1.209486313629527,0.5565090999158039,-1.3099971307624791,1.1450419273693186,0.865548843758331,-0.901824333467702,1
T178,51156781,38341,73,0.76,3,3780,770,3010,14070,214,0.35527124557894074,0.8698410765175253,0.33827124232084493,-0.8708266546696475,1.209486313629527,0.5565090999158039,-1.2504247282721437,1.1218729074159721,0.7688382026144868,-0.8545106898102982,1
T179,14584150,22054,71,0.82,3,2622,746,1876,9620,195,-0.2747224585670903,-0.017660390993616035,-0.1251140211323693,0.26750884163054295,1.209486313629527,-0.911792421393152,-1.339783332007647,-0.5202313817774512,0.13502030410181134,-0.954395048642595,3
T180,63710276,42064,72,0.78,2,3438,738,2700,15719,172,0.5715155408014715,1.0727125668806357,0.10657861059423783,-0.49138148923624997,0.45355736761107274,0.12286564543595678,-1.3695695332528148,0.6729731458198864,1.0037069025352512,-1.075307693544849,1
T181,3118387,11498,71,0.8,2,1746,737,1009,3728,271,-0.4722296738185856,-0.5928716325388734,-0.1251140211323693,-0.11193632380285247,0.45355736761107274,-2.022528287253813,-1.3732928084084608,-1.7757026504994071,-0.7041830797266568,-0.5548576133134082,3
T182,25931810,28168,71,0.8,2,3496,881,2615,11606,225,-0.0792496648052811,0.3155000420120399,-0.1251140211323693,-0.11193632380285247,0.45355736761107274,0.19640751783312382,-0.8371411859954405,0.5498877273177339,0.4178882471234233,-0.796682903117916,1
T183,3683300,9492,68,0.85,0,1938,730,1208,3772,320,-0.46249858191572946,-0.7021813853372617,-0.8201919163121907,0.8366765897806392,-1.058300524425836,-1.779079330352846,-1.3993557344979826,-1.4875379648296618,-0.697916116235745,-0.29726110895643254,3
T184,377928964,121885,70,0.65,7,3584,753,2831,42512,67,5.984191351984594,5.42227078129746,-0.3568066528589764,-2.957775064553332,4.233202097703344,0.30798828974606696,-1.3137204059181251,0.8626694966879098,4.819860375535277,-1.6273002028812253,4
T185,1776185,6839,68,0.85,0,1940,731,1209,2780,435,-0.4953502092181912,-0.8467470753542727,-0.8201919163121907,0.8366765897806392,-1.058300524425836,-1.776543403718461,-1.3956324593423366,-1.4860899010825777,-0.8392076567581211,0.3073021155548369,3
T186,221483436,92946,66,0.75,5,3023,719,2304,34277,67,3.289288223965131,3.845344093245337,-1.283577179765405,-1.0605492373863463,2.721344205666436,-0.4033391311989454,-1.4403117612100884,0.09953990197456399,3.6469411858157526,-1.6273002028812253,4
T187,46045216,38257,68,0.8,1,3611,716,2895,15590,186,0.2672203266189893,0.8652637987333455,-0.8201919163121907,-0.11193632380285247,-0.3023715784073817,0.3422232993102654,-1.4514815866770263,0.9553455765012953,0.9853333050278051,-1.0017086922999987,1
T188,32724110,30148,66,0.78,1,2156,718,1438,11901,121,0.03775329942420205,0.4233930183534201,-1.283577179765405,-0.49138148923624997,-0.3023715784073817,-1.5026633272048735,-1.4440350363657344,-1.1544833030003079,0.4599053887102187,-1.343418340936803,3
T189,7169200,12883,66,0.85,1,1700,717,983,3513,280,-0.402451082098649,-0.5174010405020999,-1.283577179765405,0.8366765897806392,-0.3023715784073817,-2.0808545998446695,-1.4477583115213803,-1.813352307923595,-0.734805742239067,-0.5075439696560045,3
T190,7323609,13088,66,0.83,1,1150,717,433,5008,86,-0.39979125984349095,-0.5062303030526135,-1.283577179765405,0.4572314243472417,-0.3023715784073817,-2.778234424300564,-1.4477583115213803,-2.6097873688198763,-0.521871414536494,-1.5274158440489285,3
T191,4822612,11509,66,0.8,0,1962,680,1282,4798,267,-0.44287299394372864,-0.5922722271147547,-1.283577179765405,-0.11193632380285247,-1.058300524425836,-1.7486482107402253,-1.5855194922802813,-1.380381247545435,-0.5517819221067551,-0.5758858993833654,3
T192,1965688,7519,66,0.85,0,1909,670,1239,3067,404,-0.4920858638962266,-0.8096929218632937,-1.283577179765405,0.8366765897806392,-1.058300524425836,-1.8158502665514296,-1.622752243836741,-1.4426479886700532,-0.7983299630787644,0.14433289851266864,3
T193,9155245,17781,68,0.83,0,1970,660,1310,6385,205,-0.3682398205093282,-0.2505021525626654,-0.8201919163121907,0.4572314243472417,-1.058300524425836,-1.738504504202685,-1.6599849953932009,-1.3398354626270788,-0.3257439434686392,-0.901824333467702,3
T194,21107385,27057,68,0.82,1,2163,659,1504,10340,145,-0.16235436066718711,0.2549600941760432,-0.8201919163121907,0.26750884163054295,-0.3023715784073817,-1.4937875839845256,-1.6637082705488468,-1.058911095692754,0.23757061577127794,-1.21724862451706,3
T195,82845345,51955,73,0.78,3,2752,658,2094,18748,112,0.9011328712691616,1.6116870259678033,0.33827124232084493,-0.49138148923624997,1.209486313629527,-0.7469571901581225,-1.6674315457044928,-0.20455348491310701,1.43513036648916,-1.3907319845942068,1
T196,29774013,28883,88,0.82,0,2260,658,1602,10619,151,-0.0130645522261234,0.3544613945797605,3.8136607182199516,0.26750884163054295,-1.058300524425836,-1.3707951422168498,-1.6674315457044928,-0.9170008484785076,0.27730886154319623,-1.1857061954121242,3
T197,35432134,27258,68,0.79,1,2293,658,1635,9994,164,0.08440124418585597,0.26591286601675906,-0.8201919163121907,-0.30165890651955124,-0.3023715784073817,-1.3289523527494962,-1.6674315457044928,-0.8692147448247308,0.18828949377456206,-1.1173642656847633,3
T198,16602244,27193,68,0.8,0,2180,658,1522,10555,144,-0.2399591265449867,0.262370924874239,-0.8201919163121907,-0.11193632380285247,-1.058300524425836,-1.4722322075922527,-1.6674315457044928,-1.0328459482452395,0.2681932782836881,-1.2225056960345493,3
T199,13953579,19401,72,0.78,3,2368,659,1709,6507,263,-0.28558456362092327,-0.16222608101062702,0.10657861059423783,-0.49138148923624997,1.209486313629527,-1.233855103960056,-1.6637082705488468,-0.7620580275405039,-0.30836736288020183,-0.5969141854533225,3
T200,13371995,20438,72,0.84,3,2501,659,1842,8051,229,-0.2956028272353749,-0.10571849693688394,0.10657861059423783,0.6469540070639405,1.209486313629527,-1.0652159827734489,-1.6637082705488468,-0.5694655491783122,-0.08845391674456791,-0.7756546170479588,3
